"notes","service_name","fee","due_date","client_id","filing_frequency","filed_date","tax_cycle_start","schedule_month","tax_cycle_end","service_id","required_documents","schedule_day","filing_year","status","assigned_to","id","created_date","updated_date","created_by_id","created_by","is_sample"
"","Personal T1 Tax Return â Self-Employed","100","","69d42547a8942610f2bb872a","Annual","","","","","69d437ed6f7ca86e7df05de0","[]","","2025","Not Started","","69f2939a7cab79cfd2e91578","2026-04-29T23:26:18.536000","2026-04-29T23:26:18.536000","69d6cd6f372e204e8def2995","mazaman@go-get.ca","false"
"","T2 Corporate Tax Return â Basic","500","2026-04-30","69d42547a8942610f2bb872a","Annual","","2026-04-28","","","69d437ed6f7ca86e7df05ddb","[]","","2025","Completed","mazaman@go-get.ca","69f28fe27d29f74afa612484","2026-04-29T23:10:26.232000","2026-04-30T21:50:20.437000","69d6cd6f372e204e8def2995","mazaman@go-get.ca","false"
"T301o filing needed as per the Rules for charity ","Industry Benchmarks & KPI Reports","","","69d42547a8942610f2bb8714","Annual","","","","","69d437ed6f7ca86e7df05de4","[]","","2026","Documents Pending","mazaman@go-get.ca","69ebf0899a25774315a37e86","2026-04-24T22:36:57.974000","2026-04-24T22:37:21.108000","69d6cd6f372e204e8def2995","mazaman@go-get.ca","false"
"","PST Monthly â Annual","","","69d42547a8942610f2bb872d","Annual","","","January","","69d426c51a9292986e827791","[]","31","2026","Not Started","bookkeeping@go-get.ca","69e117c4d4e42930a111a2b9","2026-04-16T17:09:24.851000","2026-04-16T17:09:24.851000","69d52f3fae25f4c1cf1921b8","cem@go-get.ca","false"
"","GST Prep and Filing â Annual","","","69d42547a8942610f2bb872d","Annual","","","March","","69d437ed6f7ca86e7df05dda","[]","31","2026","In Progress","bookkeeping@go-get.ca","69e117113e2e7c76ea7dfa67","2026-04-16T17:06:25.032000","2026-04-16T17:06:25.032000","69d52f3fae25f4c1cf1921b8","cem@go-get.ca","false"
"","T2 Corporate Tax Return â Basic","","","69d42547a8942610f2bb872d","Annual","","","December","","69d437ed6f7ca86e7df05ddb","[]","30","2025","Not Started","mazaman@go-get.ca","69e116cdf76535d54e760913","2026-04-16T17:05:17.465000","2026-04-16T17:05:17.465000","69d52f3fae25f4c1cf1921b8","cem@go-get.ca","false"
"","Bookkeeping & Account Reconciliation â Standard","","","69d42547a8942610f2bb872d","Quarterly","","","","","69d437ed6f7ca86e7df05dd0","[]","30","2025","In Progress","accountant@go-get.ca","69e116b6fa4ab30229067471","2026-04-16T17:04:54.751000","2026-04-16T17:04:54.751000","69d52f3fae25f4c1cf1921b8","cem@go-get.ca","false"
"","$149/Month Promo Bundle (LIMITED)","149","","69d42547a8942610f2bb872d","Monthly","","","","","69d426c51a9292986e8277aa","[]","","2026","Not Started","","69e116a369f3294f1504d5df","2026-04-16T17:04:35.533000","2026-04-16T17:04:35.533000","69d52f3fae25f4c1cf1921b8","cem@go-get.ca","false"
"","ROE Prep & Submission","","","69d42547a8942610f2bb872c","One-time","","","","","69d437ed6f7ca86e7df05dd5","[]","","2026","In Progress","cem@go-get.ca","69e1115a0c777a28553641c3","2026-04-16T16:42:02.124000","2026-04-16T16:42:02.124000","69d52f3fae25f4c1cf1921b8","cem@go-get.ca","false"
"","Payroll Administration","","","69d42547a8942610f2bb872c","Semi-Monthly","","","","","69d437ed6f7ca86e7df05dd6","[]","15","2026","In Progress","bookkeeping@go-get.ca","69e111430381753d7e714faf","2026-04-16T16:41:39.250000","2026-04-16T16:41:39.250000","69d52f3fae25f4c1cf1921b8","cem@go-get.ca","false"
"","Payroll Remittance Processing â Monthly","","","69d42547a8942610f2bb872c","Monthly","","","","","69dec90548f8c3099cadf706","[]","10","2026","In Progress","bookkeeping@go-get.ca","69e1113399c68d8c2f505e76","2026-04-16T16:41:23.020000","2026-04-16T16:41:23.020000","69d52f3fae25f4c1cf1921b8","cem@go-get.ca","false"
"","GST Prep and Filing â Annual","","","69d42547a8942610f2bb872c","Annual","","","June","","69d437ed6f7ca86e7df05dda","[]","30","2026","In Progress","cem@go-get.ca","69e111269aa54389f4b19cd1","2026-04-16T16:41:10.830000","2026-04-16T16:41:10.830000","69d52f3fae25f4c1cf1921b8","cem@go-get.ca","false"
"","Personal T1 Tax Return â Single","","","69d42547a8942610f2bb872c","Annual","","","February","","69d437ed6f7ca86e7df05dde","[]","28","2025","In Progress","cem@go-get.ca","69e110f96f61192ff1b91a12","2026-04-16T16:40:25.639000","2026-04-16T16:40:25.639000","69d52f3fae25f4c1cf1921b8","cem@go-get.ca","false"
"","$149/Month Promo Bundle (LIMITED)","149","","69d42547a8942610f2bb872c","Monthly","","","","","69d426c51a9292986e8277aa","[]","","2026","Not Started","","69e110e4b6beff943317af60","2026-04-16T16:40:04.962000","2026-04-16T16:40:04.962000","69d52f3fae25f4c1cf1921b8","cem@go-get.ca","false"
"","T2 Corporate Tax Return â Basic","","","69d42547a8942610f2bb872b","Annual","","2026-01-01","June","","69d437ed6f7ca86e7df05ddb","[]","30","2026","Not Started","mazaman@go-get.ca","69e10fb8e3502c6bfe841aea","2026-04-16T16:35:04.708000","2026-04-16T16:35:04.708000","69d52f3fae25f4c1cf1921b8","cem@go-get.ca","false"
"","Payroll Remittance Processing â Monthly","","","69d42547a8942610f2bb872b","Monthly","","","","","69dec90548f8c3099cadf706","[]","10","2026","In Progress","bookkeeping@go-get.ca","69e10f97913164d198832548","2026-04-16T16:34:31.368000","2026-04-16T16:34:31.368000","69d52f3fae25f4c1cf1921b8","cem@go-get.ca","false"
"","Payroll Administration","","","69d42547a8942610f2bb872b","Semi-Monthly","","","","","69d437ed6f7ca86e7df05dd6","[]","15","2026","In Progress","bookkeeping@go-get.ca","69e10f85dff468d0ed2592cd","2026-04-16T16:34:13.907000","2026-04-16T16:34:13.907000","69d52f3fae25f4c1cf1921b8","cem@go-get.ca","false"
"","PST Monthly â Monthly","","","69d42547a8942610f2bb872b","Monthly","","","","","69d426c51a9292986e827790","[]","30","2026","In Progress","cem@go-get.ca","69e10f620081f2e1ac8686db","2026-04-16T16:33:38.339000","2026-04-16T16:33:38.339000","69d52f3fae25f4c1cf1921b8","cem@go-get.ca","false"
"","GST Prep and Filing â Annual","","","69d42547a8942610f2bb872b","Annual","","2027-01-01","March","","69d437ed6f7ca86e7df05dda","[]","30","2026","Not Started","bookkeeping@go-get.ca","69e10f3d1031a848346cdb89","2026-04-16T16:33:01.906000","2026-04-16T16:33:01.906000","69d52f3fae25f4c1cf1921b8","cem@go-get.ca","false"
"","$149/Month Promo Bundle (LIMITED)","100","","69d42547a8942610f2bb872b","Monthly","","","","","69d426c51a9292986e8277aa","[]","","2026","Not Started","","69e10c1b30f52e95987fc6bd","2026-04-16T16:19:39.307000","2026-04-16T16:19:39.307000","69d52f3fae25f4c1cf1921b8","cem@go-get.ca","false"
"","Bookkeeping & Account Reconciliation â Standard","","","69d42547a8942610f2bb872b","Quarterly","","","","","69d437ed6f7ca86e7df05dd0","[]","30","2026","In Progress","accountant@go-get.ca","69e10c03ae67d7b900ecb150","2026-04-16T16:19:15.887000","2026-04-16T16:19:15.887000","69d52f3fae25f4c1cf1921b8","cem@go-get.ca","false"
"","Bookkeeping & Account Reconciliation â Standard","","","69d42547a8942610f2bb8713","Monthly","","","","","69d426c51a9292986e827787","[]","","2025","Review","cem@go-get.ca","69e074a26caf2f2164966435","2026-04-16T05:33:22.693000","2026-04-16T05:36:18.490000","69d6cd6f372e204e8def2995","mazaman@go-get.ca","false"
"","Bookkeeping & Account Reconciliation â Standard","","","69d42547a8942610f2bb8729","Quarterly","","","","","69d437ed6f7ca86e7df05dd0","[]","30","2026","In Progress","accountant@go-get.ca","69e03adf79cfe8c7eba06382","2026-04-16T01:26:55.409000","2026-04-16T01:26:55.409000","69d52f3fae25f4c1cf1921b8","cem@go-get.ca","false"
"","PST Monthly â Quarterly","","","69d42547a8942610f2bb8729","Quarterly","","","","","69d426c51a9292986e82778f","[]","15","2026","In Progress","cem@go-get.ca","69e03acd993becb964ca90f8","2026-04-16T01:26:37.714000","2026-04-16T01:26:37.714000","69d52f3fae25f4c1cf1921b8","cem@go-get.ca","false"
"","GST Prep and Filing â Annual","","","69d42547a8942610f2bb8729","Annual","","","November","","69d437ed6f7ca86e7df05dda","[]","30","2025","In Progress","bookkeeping@go-get.ca","69e03a8932f6703bc457a413","2026-04-16T01:25:29.473000","2026-04-16T01:25:29.473000","69d52f3fae25f4c1cf1921b8","cem@go-get.ca","false"
"","T2 Corporate Tax Return â Basic","","","69d42547a8942610f2bb8729","Annual","","","August","","69d437ed6f7ca86e7df05ddb","[]","31","2025","Not Started","mazaman@go-get.ca","69e03a4eb4fef013567a13f8","2026-04-16T01:24:30.103000","2026-04-16T01:24:30.103000","69d52f3fae25f4c1cf1921b8","cem@go-get.ca","false"
"","Bookkeeping & Account Reconciliation â Standard","","","69d42547a8942610f2bb8728","Quarterly","","","","","69d437ed6f7ca86e7df05dd0","[]","30","2026","In Progress","accountant@go-get.ca","69e038d796f1231cb7caf5a9","2026-04-16T01:18:15.468000","2026-04-16T01:18:15.468000","69d52f3fae25f4c1cf1921b8","cem@go-get.ca","false"
"","Bookkeeping & Account Reconciliation â Standard","","","69d42547a8942610f2bb8728","Annual","","","December","","69d437ed6f7ca86e7df05dd0","[]","31","2026","Not Started","accountant@go-get.ca","69e038c1707053388601e66e","2026-04-16T01:17:53.292000","2026-04-16T01:17:53.292000","69d52f3fae25f4c1cf1921b8","cem@go-get.ca","false"
"","T2 Corporate Tax Return â Basic","","","69d42547a8942610f2bb8728","Annual","","","June","","69d437ed6f7ca86e7df05ddb","[]","30","2025","Review","shorif@go-get.ca","69e038a7f416739f7202f7a9","2026-04-16T01:17:27.868000","2026-04-24T21:30:12.756000","69d52f3fae25f4c1cf1921b8","cem@go-get.ca","false"
"","Personal T1 Tax Return â Single","","","69d42547a8942610f2bb8727","Annual","","","February","","69d437ed6f7ca86e7df05dde","[]","28","2025","In Progress","cem@go-get.ca","69e036ddf4d2e5b619d37ae1","2026-04-16T01:09:49.316000","2026-04-16T01:09:49.316000","69d52f3fae25f4c1cf1921b8","cem@go-get.ca","false"
"","Personal T1 Tax Return â Single","","","69d42547a8942610f2bb8727","Annual","","","February","","69d437ed6f7ca86e7df05dde","[]","28","2024","In Progress","cem@go-get.ca","69e036b3e66d0a3dc770655d","2026-04-16T01:09:07.924000","2026-04-16T01:09:07.924000","69d52f3fae25f4c1cf1921b8","cem@go-get.ca","false"
"","T2 Corporate Tax Return â Basic","","","69d42547a8942610f2bb8727","Annual","","","June","","69d437ed6f7ca86e7df05ddb","[]","30","2024","In Progress","accountant@go-get.ca","69e0369a34ac68fc1ffc9b1a","2026-04-16T01:08:42.324000","2026-04-16T01:08:42.324000","69d52f3fae25f4c1cf1921b8","cem@go-get.ca","false"
"","T2 Corporate Tax Return â Basic","","","69d42547a8942610f2bb8727","Annual","","","June","","69d437ed6f7ca86e7df05ddb","[]","30","2025","In Progress","mazaman@go-get.ca","69e0367a910e90443d9c5b49","2026-04-16T01:08:10.460000","2026-04-16T01:08:10.460000","69d52f3fae25f4c1cf1921b8","cem@go-get.ca","false"
"","T2 Corporate Tax Return â Basic","","","69d42547a8942610f2bb8726","Annual","","","June","","69d437ed6f7ca86e7df05ddb","[]","30","2025","Review","mazaman@go-get.ca","69e03564735ed8a8d8a9b7c5","2026-04-16T01:03:32.961000","2026-05-16T00:35:52.009000","69d52f3fae25f4c1cf1921b8","cem@go-get.ca","false"
"","GST Prep and Filing â Annual","","","69d42547a8942610f2bb8726","Annual","","","March","","69d437ed6f7ca86e7df05dda","[]","31","2025","In Progress","cem@go-get.ca","69e0354a6814896b673fd40d","2026-04-16T01:03:06.828000","2026-04-16T01:03:06.828000","69d52f3fae25f4c1cf1921b8","cem@go-get.ca","false"
"","Payroll Remittance Processing â Monthly","","","69d42547a8942610f2bb8726","Monthly","","","","","69dec90548f8c3099cadf706","[]","10","2026","In Progress","cem@go-get.ca","69e03535dff728fc8464fdd8","2026-04-16T01:02:45.009000","2026-04-16T01:02:45.009000","69d52f3fae25f4c1cf1921b8","cem@go-get.ca","false"
"","Payroll Remittance Processing â Monthly","","","69d42547a8942610f2bb8726","Monthly","","","","","69dec90548f8c3099cadf706","[]","30","2026","In Progress","cem@go-get.ca","69e03525e11ec1ec3d1516bc","2026-04-16T01:02:29.655000","2026-04-16T01:02:29.655000","69d52f3fae25f4c1cf1921b8","cem@go-get.ca","false"
"","Bookkeeping & Account Reconciliation â Standard","150","","69d42547a8942610f2bb8726","Monthly","","","","","69d437ed6f7ca86e7df05dd0","[]","30","2026","Review","accountant@go-get.ca","69e0350919df73aa4128b81c","2026-04-16T01:02:01.080000","2026-05-16T00:35:30.768000","69d52f3fae25f4c1cf1921b8","cem@go-get.ca","false"
"","$149/Month Promo Bundle (LIMITED)","149","","69d42547a8942610f2bb8726","Monthly","","","","","69d426c51a9292986e8277aa","[]","","2026","In Progress","","69e034f4fdf1cc5bd80df63c","2026-04-16T01:01:40.765000","2026-04-16T01:01:40.765000","69d52f3fae25f4c1cf1921b8","cem@go-get.ca","false"
"","Bookkeeping & Account Reconciliation â Standard","","","69d42547a8942610f2bb8725","Quarterly","","","","","69d426c51a9292986e827787","[]","","2026","Completed","accountant@go-get.ca","69e033744622391bcf01a7cc","2026-04-16T00:55:16.801000","2026-04-16T00:55:25.269000","69d52f3fae25f4c1cf1921b8","cem@go-get.ca","false"
"","Payroll Administration","","","69d42547a8942610f2bb8725","Semi-Monthly","","","","","69d437ed6f7ca86e7df05dd6","[]","15","2026","In Progress","cem@go-get.ca","69e0335c6519e1c79ec7c0ea","2026-04-16T00:54:52.888000","2026-04-16T00:54:52.888000","69d52f3fae25f4c1cf1921b8","cem@go-get.ca","false"
"","PST Monthly â Monthly","","","69d42547a8942610f2bb8725","Monthly","","","","","69d426c51a9292986e827790","[]","","2026","Completed","bookkeeping@go-get.ca","69e0333ebf616b2e37ad48f5","2026-04-16T00:54:22.522000","2026-04-16T00:54:22.522000","69d52f3fae25f4c1cf1921b8","cem@go-get.ca","false"
"","GST Prep and Filing â Quarterly","","","69d42547a8942610f2bb8725","Quarterly","","","","","69d437ed6f7ca86e7df05dd8","[]","","2026","Completed","cem@go-get.ca","69e0331e1c3820cf0577412d","2026-04-16T00:53:50.100000","2026-04-16T00:53:50.100000","69d52f3fae25f4c1cf1921b8","cem@go-get.ca","false"
"","Essential Plan â $299/mo","299","","69d42547a8942610f2bb8725","Monthly","","","","","69d426c51a9292986e8277ab","[]","","2026","Not Started","","69e032fe447c8eb04f78c527","2026-04-16T00:53:18.130000","2026-04-16T00:53:18.130000","69d52f3fae25f4c1cf1921b8","cem@go-get.ca","false"
"","Payroll Administration","","","69d677dc7fec0b2fa1bb43df","Semi-Monthly","","","","","69d437ed6f7ca86e7df05dd6","[]","15","2026","Not Started","bookkeeping@go-get.ca","69dff20f3c12d7aa234a0298","2026-04-15T20:16:15.853000","2026-04-15T20:16:26.880000","69d41a0a01010e09935ad3fc","shorif@go-get.ca","false"
"","Payroll Remittance Processing â Monthly","","","69d677dc7fec0b2fa1bb43df","Monthly","","","","","69dec90548f8c3099cadf706","[]","5","2026","Not Started","bookkeeping@go-get.ca","69dff1e14bb49836fc03adaa","2026-04-15T20:15:29.421000","2026-04-15T20:15:29.421000","69d41a0a01010e09935ad3fc","shorif@go-get.ca","false"
"","T2 Corporate Tax Return â Basic","","","69d42547a8942610f2bb8721","Annual","","","","","69d437ed6f7ca86e7df05ddb","[]","","2024","Completed","mazaman@go-get.ca","69dfe92ef95c7e5f3088c65e","2026-04-15T19:38:22.173000","2026-04-15T19:38:22.173000","69d6cd6f372e204e8def2995","mazaman@go-get.ca","false"
"","T2 Corporate Tax Return â Basic","500","","69d42547a8942610f2bb872a","Annual","","","","","69d437ed6f7ca86e7df05ddb","[]","","2022","Completed","mazaman@go-get.ca","69dfe8de0ea752ad4a23bb00","2026-04-15T19:37:02.114000","2026-04-29T23:24:05.224000","69d6cd6f372e204e8def2995","mazaman@go-get.ca","false"
"","T2 Corporate Tax Return â Basic","500","","69d42547a8942610f2bb872a","Annual","","","","","69d437ed6f7ca86e7df05ddb","[]","","2023","Completed","mazaman@go-get.ca","69dfe8bfe65cda703a9826f2","2026-04-15T19:36:31.640000","2026-04-29T23:24:24.764000","69d6cd6f372e204e8def2995","mazaman@go-get.ca","false"
"","T2 Corporate Tax Return â Basic","500","","69d42547a8942610f2bb872a","Annual","","","","","69d437ed6f7ca86e7df05ddb","[]","","2024","Completed","mazaman@go-get.ca","69dfe8a49178c2a1d3308eaa","2026-04-15T19:36:04.337000","2026-04-29T23:24:37.602000","69d6cd6f372e204e8def2995","mazaman@go-get.ca","false"
"","Personal T1 Tax Return â Couple / Family","","","69dee0f3e9f910274ccd2f35","Annual","","","","","69d437ed6f7ca86e7df05ddf","[]","","2025","Completed","mazaman@go-get.ca","69dfdf94b17de9cb0b6ab715","2026-04-15T18:57:24.988000","2026-04-15T18:57:24.988000","69d6cd6f372e204e8def2995","mazaman@go-get.ca","false"
"","Personal T1 Tax Return â Couple / Family","","","69dee0b5f1fb042cbb6765f7","Annual","","","April","","69d437ed6f7ca86e7df05ddf","[]","","2025","Completed","mazaman@go-get.ca","69dfdf15529d36f7d0902fe4","2026-04-15T18:55:17.200000","2026-04-15T18:55:17.200000","69d6cd6f372e204e8def2995","mazaman@go-get.ca","false"
"","Personal T1 Tax Return â Couple / Family","","2026-04-15","69dee172da3c82e2512cf21c","Annual","","2026-04-14","April","","69d437ed6f7ca86e7df05ddf","[]","","2026","Completed","mazaman@go-get.ca","69dfde9f41c2e51ef7281dc7","2026-04-15T18:53:19.189000","2026-04-15T18:53:47.796000","69d6cd6f372e204e8def2995","mazaman@go-get.ca","false"
"","T2 Corporate Tax Return â Basic","","2026-06-30","69d42547a8942610f2bb870e","Annual","","2026-04-05","","","69d437ed6f7ca86e7df05ddb","[]","","2025","In Progress","mazaman@go-get.ca","69dedf9c76a47c0f18c0c633","2026-04-15T00:45:16.060000","2026-04-15T00:45:16.060000","69d6cd6f372e204e8def2995","mazaman@go-get.ca","false"
"","Payroll Remittance Processing â Monthly","","","69d42547a8942610f2bb870e","Monthly","","","","","69dec90548f8c3099cadf706","[]","5","2026","In Progress","mazaman@go-get.ca","69dedf07b24e0c274be34cc6","2026-04-15T00:42:47.858000","2026-04-15T00:42:47.858000","69d6cd6f372e204e8def2995","mazaman@go-get.ca","false"
"","T2 Corporate Tax Return â Basic","","2026-06-30","69d42547a8942610f2bb8725","Annual","","2026-03-01","May","","69d437ed6f7ca86e7df05ddb","[]","15","2025","Review","mazaman@go-get.ca","69ded0f9a4c9fdbcea628c5f","2026-04-14T23:42:49.924000","2026-04-15T19:25:52.070000","69d41a0a01010e09935ad3fc","shorif@go-get.ca","false"
"","Payroll Remittance Processing â Monthly","","","69d42547a8942610f2bb8725","Monthly","","2026-04-01","","","69dec90548f8c3099cadf706","[]","5","2026","Not Started","bookkeeping@go-get.ca","69ded0b957b8a9a8e4870dc9","2026-04-14T23:41:45.057000","2026-04-14T23:41:45.057000","69d41a0a01010e09935ad3fc","shorif@go-get.ca","false"
"","T4 & T4 Summary Preparation & E-Filing","","2027-02-28","69d42547a8942610f2bb8724","Annual","","","February","","69d437ed6f7ca86e7df05dd3","[]","28","2026","Not Started","cem@go-get.ca","69d703bbaaa7b019087d7436","2026-04-09T01:41:15.784000","2026-04-09T01:41:15.784000","69d52f3fae25f4c1cf1921b8","cem@go-get.ca","false"
"","PST Filing","","2027-01-31","69d42547a8942610f2bb8724","Quarterly","","2027-01-01","","","69d426c51a9292986e82778f","[]","20","2026","Not Started","bookkeeping@go-get.ca","69d703a3f2bd9149a8ae75c3","2026-04-09T01:40:51.963000","2026-04-09T01:40:51.963000","69d52f3fae25f4c1cf1921b8","cem@go-get.ca","false"
"","GST Filing","","2027-03-31","69d42547a8942610f2bb8724","Annual","","2027-01-01","March","","69d437ed6f7ca86e7df05dd8","[]","30","2026","Not Started","bookkeeping@go-get.ca","69d703695afc85ab414dad96","2026-04-09T01:39:53.931000","2026-04-09T01:39:53.931000","69d52f3fae25f4c1cf1921b8","cem@go-get.ca","false"
"","T2 Corporate Tax Return â Basic","","2026-06-30","69d42547a8942610f2bb8724","Annual","","2026-04-01","December","","69d437ed6f7ca86e7df05ddb","[]","31","2025","In Progress","mazaman@go-get.ca","69d70324e8cf646133b69340","2026-04-09T01:38:44.326000","2026-04-09T01:38:44.326000","69d52f3fae25f4c1cf1921b8","cem@go-get.ca","false"
"","PST Filing","","2026-05-31","69d42547a8942610f2bb8723","Monthly","","","","","69d437ed6f7ca86e7df05dd8","[]","","2026","In Progress","cem@go-get.ca","69d70188d55de55d2445fc3a","2026-04-09T01:31:52.115000","2026-04-09T01:31:52.115000","69d52f3fae25f4c1cf1921b8","cem@go-get.ca","false"
"","T2 Corporate Tax Return â Basic","","2027-03-31","69d42547a8942610f2bb8723","Annual","","","December","","69d437ed6f7ca86e7df05ddb","[]","31","2026","Not Started","mazaman@go-get.ca","69d700fcaaa7b019087d7041","2026-04-09T01:29:32.831000","2026-04-09T01:29:32.831000","69d52f3fae25f4c1cf1921b8","cem@go-get.ca","false"
"","T4 & T4 Summary Preparation & E-Filing","","2027-02-28","69d42547a8942610f2bb8723","Annual","","","February","","69d437ed6f7ca86e7df05dd3","[]","28","2026","Not Started","cem@go-get.ca","69d700e016a41d912156bd26","2026-04-09T01:29:04.793000","2026-04-09T01:29:04.793000","69d52f3fae25f4c1cf1921b8","cem@go-get.ca","false"
"","GST Filing","","2027-01-31","69d42547a8942610f2bb8723","Annual","","","December","","69d437ed6f7ca86e7df05dd8","[]","31","2026","Not Started","bookkeeping@go-get.ca","69d700c14c2743c0b1ebedef","2026-04-09T01:28:33.866000","2026-04-09T01:28:33.866000","69d52f3fae25f4c1cf1921b8","cem@go-get.ca","false"
"","Payroll Administration","","2026-04-15","69d42547a8942610f2bb8723","Semi-Monthly","","","","","69d437ed6f7ca86e7df05dd6","[]","15","2026","In Progress","bookkeeping@go-get.ca","69d7007cd020abe0084a5894","2026-04-09T01:27:24.862000","2026-04-14T23:02:10.926000","69d52f3fae25f4c1cf1921b8","cem@go-get.ca","false"
"","Bookkeeping & Account Reconciliation â Standard","","2026-04-30","69d42547a8942610f2bb8723","Quarterly","","","","","69d437ed6f7ca86e7df05dd0","[]","30","2026","In Progress","accountant@go-get.ca","69d70066ab5e7e92e9385466","2026-04-09T01:27:02.530000","2026-04-09T01:27:02.530000","69d52f3fae25f4c1cf1921b8","cem@go-get.ca","false"
"","$149/Month Promo Bundle (LIMITED)","149","","69d42547a8942610f2bb8723","Monthly","","","","","69d426c51a9292986e8277aa","[]","","2026","Not Started","","69d70052089250e2b89338aa","2026-04-09T01:26:42.709000","2026-04-09T01:26:42.709000","69d52f3fae25f4c1cf1921b8","cem@go-get.ca","false"
"Prepare the Financial statement for 2025 ending and T2-2025, to decide the sale of the business, ASAP.
Pay dividend, Issue T5, file T1 Personal 2025 and T2-2025","T2 Corporate Tax Return â Basic","","2027-06-30","69d42547a8942610f2bb8722","Annual","","2026-01-01","December","","69d437ed6f7ca86e7df05ddb","[]","30","2025","Completed","mazaman@go-get.ca","69d6ff39a5a2a0b5cbe46241","2026-04-09T01:22:01.758000","2026-04-15T00:39:15.656000","69d52f3fae25f4c1cf1921b8","cem@go-get.ca","false"
"","T4A, T5 & Other Slip Preparation","","2026-03-31","69d42547a8942610f2bb8722","Annual","","2026-01-01","February","","69d437ed6f7ca86e7df05dd4","[]","28","2025","Completed","mazaman@go-get.ca","69d6ff0ce1b1bf5b5f251edf","2026-04-09T01:21:16.314000","2026-04-15T00:40:25.967000","69d52f3fae25f4c1cf1921b8","cem@go-get.ca","false"
"","PST Filing","","2026-05-31","69d42547a8942610f2bb8722","Monthly","","2026-05-01","","","69d437ed6f7ca86e7df05dd8","[]","20","2026","Not Started","cem@go-get.ca","69d6feebf8d67663a96ea3c4","2026-04-09T01:20:43.462000","2026-04-09T01:20:43.462000","69d52f3fae25f4c1cf1921b8","cem@go-get.ca","false"
"","GST Filing","","2026-04-30","69d42547a8942610f2bb8722","Quarterly","","2026-04-01","","","69d437ed6f7ca86e7df05dd8","[]","30","2026","In Progress","accountant@go-get.ca","69d6febed268607a70e2509e","2026-04-09T01:19:58.948000","2026-04-09T01:19:58.948000","69d52f3fae25f4c1cf1921b8","cem@go-get.ca","false"
"","Essential Plan â $299/mo","299","","69d42547a8942610f2bb8722","Monthly","","","","","69d426c51a9292986e8277ab","[]","","2026","Not Started","","69d6fe962806fde9d1f7ca54","2026-04-09T01:19:18.433000","2026-04-09T01:19:18.433000","69d52f3fae25f4c1cf1921b8","cem@go-get.ca","false"
"","PST Filing","","2026-06-30","69d42547a8942610f2bb8721","Annual","","2026-04-01","December","","69d437ed6f7ca86e7df05dd8","[]","31","2025","Not Started","cem@go-get.ca","69d6fccbb93921b2ccb32966","2026-04-09T01:11:39.128000","2026-04-09T01:11:39.128000","69d52f3fae25f4c1cf1921b8","cem@go-get.ca","false"
"","GST Filing","","2026-05-31","69d42547a8942610f2bb8721","Annual","","2026-04-01","March","","69d437ed6f7ca86e7df05dd8","[]","30","2025","Not Started","","69d6fc763fa313dabe274f56","2026-04-09T01:10:14.975000","2026-04-09T01:10:14.975000","69d52f3fae25f4c1cf1921b8","cem@go-get.ca","false"
"","T2 Corporate Tax Return â Basic","650","2026-06-30","69d42547a8942610f2bb8721","Annual","","2026-04-01","June","","69d437ed6f7ca86e7df05ddb","[]","30","2025","Not Started","mazaman@go-get.ca","69d6f9285cee759417bcda00","2026-04-09T00:56:08.703000","2026-04-14T23:03:48.532000","69d52f3fae25f4c1cf1921b8","cem@go-get.ca","false"
"","T2 Corporate Tax Return â Basic","","2026-05-31","69d42547a8942610f2bb8720","Annual","","2026-04-01","June","","69d437ed6f7ca86e7df05ddb","[]","30","2026","In Progress","mazaman@go-get.ca","69d6f7e81513b54b6719cf2f","2026-04-09T00:50:48.726000","2026-04-09T00:50:48.726000","69d52f3fae25f4c1cf1921b8","cem@go-get.ca","false"
"","PST Filing","","2026-07-31","69d42547a8942610f2bb8720","Quarterly","","2026-07-01","","","69d437ed6f7ca86e7df05dd8","[]","30","2026","Not Started","","69d6f7c37ddabc0ad228a42d","2026-04-09T00:50:11.054000","2026-04-09T00:50:11.054000","69d52f3fae25f4c1cf1921b8","cem@go-get.ca","false"
"","GST Filing","","2026-04-30","69d42547a8942610f2bb8720","Quarterly","","2026-04-01","","","69d437ed6f7ca86e7df05dd8","[]","30","2026","In Progress","cem@go-get.ca","69d6f76a7c46398f1645d7f9","2026-04-09T00:48:42.093000","2026-04-09T00:48:42.093000","69d52f3fae25f4c1cf1921b8","cem@go-get.ca","false"
"","Bookkeeping & Account Reconciliation â Standard","","2026-04-30","69d42547a8942610f2bb8720","Quarterly","","2026-04-01","","","69d437ed6f7ca86e7df05dd0","[]","30","2026","In Progress","bookkeeping@go-get.ca","69d6f74eaaa7b019087d685c","2026-04-09T00:48:14.086000","2026-04-09T00:48:14.086000","69d52f3fae25f4c1cf1921b8","cem@go-get.ca","false"
"","$149/Month Promo Bundle (LIMITED)","149","","69d42547a8942610f2bb8720","Monthly","","","","","69d426c51a9292986e8277aa","[]","","2026","Not Started","","69d6f727c69a86ab24ebd87e","2026-04-09T00:47:35.322000","2026-04-09T00:47:35.322000","69d52f3fae25f4c1cf1921b8","cem@go-get.ca","false"
"","T2 Corporate Tax Return â Basic","","2027-04-30","69d42547a8942610f2bb871f","Annual","","2026-11-01","October","","69d437ed6f7ca86e7df05ddb","[]","31","2026","Not Started","mazaman@go-get.ca","69d6f21a29e3b5f7ba17d5a0","2026-04-09T00:26:02.929000","2026-04-14T23:03:48.532000","69d52f3fae25f4c1cf1921b8","cem@go-get.ca","false"
"","PST Filing","","2026-05-31","69d42547a8942610f2bb871f","Monthly","","","","","69d437ed6f7ca86e7df05dd8","[]","","2026","In Progress","cem@go-get.ca","69d6f1f2607c1a81e8382bfa","2026-04-09T00:25:22.251000","2026-04-09T00:25:22.251000","69d52f3fae25f4c1cf1921b8","cem@go-get.ca","false"
"","GST Filing","","2027-03-31","69d42547a8942610f2bb871f","Annual","","","December","","69d437ed6f7ca86e7df05dd8","[]","31","2026","Not Started","bookkeeping@go-get.ca","69d6f1d72b7fa1833b0fb91d","2026-04-09T00:24:55.190000","2026-04-09T00:24:55.190000","69d52f3fae25f4c1cf1921b8","cem@go-get.ca","false"
"","T4 & T4 Summary Preparation & E-Filing","","2027-02-28","69d42547a8942610f2bb871f","Annual","","2027-01-01","December","","69d437ed6f7ca86e7df05dd3","[]","31","2026","Not Started","cem@go-get.ca","69d6f1a7b0d03b588cb04a49","2026-04-09T00:24:07.455000","2026-04-09T00:24:07.455000","69d52f3fae25f4c1cf1921b8","cem@go-get.ca","false"
"","Bookkeeping & Account Reconciliation â Standard","130","2026-04-30","69d42547a8942610f2bb871f","Quarterly","","2026-04-01","","","69d437ed6f7ca86e7df05dd0","[]","30","2026","In Progress","accountant@go-get.ca","69d6f17d4698e50d31d39ff8","2026-04-09T00:23:25.733000","2026-04-09T00:23:25.733000","69d52f3fae25f4c1cf1921b8","cem@go-get.ca","false"
"","Payroll Administration","","","69d42547a8942610f2bb871f","Monthly","","","","","69d437ed6f7ca86e7df05dd6","[]","30","2026","In Progress","bookkeeping@go-get.ca","69d6f1535f6cc46c84b1a958","2026-04-09T00:22:43.185000","2026-04-14T23:02:10.926000","69d52f3fae25f4c1cf1921b8","cem@go-get.ca","false"
"","GST Filing","","2027-03-31","69d42547a8942610f2bb871e","Annual","","2027-01-01","March","","69d437ed6f7ca86e7df05dd8","[]","31","2026","Not Started","bookkeeping@go-get.ca","69d6ef200ba61941a6b83427","2026-04-09T00:13:20.062000","2026-04-09T00:13:20.062000","69d52f3fae25f4c1cf1921b8","cem@go-get.ca","false"
"","T2 Corporate Tax Return â Basic","","2026-03-31","69d42547a8942610f2bb871e","Annual","","2026-01-01","September","","69d437ed6f7ca86e7df05ddb","[]","","2025","Completed","mazaman@go-get.ca","69d6eec8880fa10dd2a94ba0","2026-04-09T00:11:52.034000","2026-04-15T18:50:58.649000","69d52f3fae25f4c1cf1921b8","cem@go-get.ca","false"
"","$149/Month Promo Bundle (LIMITED)","149","2026-04-30","69d42547a8942610f2bb871e","Quarterly","","2026-04-01","","","69d426c51a9292986e8277aa","[]","30","2026","In Progress","","69d6ee602d9584e909a290e1","2026-04-09T00:10:08.941000","2026-04-09T00:10:08.941000","69d52f3fae25f4c1cf1921b8","cem@go-get.ca","false"
"","PST Filing","","","69d42547a8942610f2bb871d","Quarterly","","","","","69d437ed6f7ca86e7df05dd8","[]","","2025","Completed","","69d6ebaf42c07b09b3357d6b","2026-04-08T23:58:39.117000","2026-04-08T23:58:39.117000","69d52f3fae25f4c1cf1921b8","cem@go-get.ca","false"
"","PST Filing","","","69d42547a8942610f2bb871d","Annual","","","","","69d437ed6f7ca86e7df05dd8","[]","","2024","Completed","","69d6eb96ced42726a2059fe5","2026-04-08T23:58:14.935000","2026-04-08T23:58:14.935000","69d52f3fae25f4c1cf1921b8","cem@go-get.ca","false"
"","GST Filing","","2026-06-30","69d42547a8942610f2bb871d","Annual","","2026-04-01","March","","69d437ed6f7ca86e7df05dd8","[]","31","2025","Not Started","cem@go-get.ca","69d6eb68f942c61584046314","2026-04-08T23:57:28.611000","2026-04-08T23:57:28.611000","69d52f3fae25f4c1cf1921b8","cem@go-get.ca","false"
"","GST Filing","","2026-06-30","69d42547a8942610f2bb871d","Annual","","2026-04-01","March","","69d437ed6f7ca86e7df05dd8","[]","31","2024","In Progress","cem@go-get.ca","69d6eaff27de468730d84fab","2026-04-08T23:55:43.222000","2026-04-08T23:55:43.222000","69d52f3fae25f4c1cf1921b8","cem@go-get.ca","false"
"","GST Filing","","","69d42547a8942610f2bb871d","Quarterly","","","","","69d437ed6f7ca86e7df05dd8","[]","","2023","Completed","","69d6eac4df2e791455e669a6","2026-04-08T23:54:44.303000","2026-04-08T23:56:35.303000","69d52f3fae25f4c1cf1921b8","cem@go-get.ca","false"
"","T2 Corporate Tax Return â Basic","","2026-06-30","69d42547a8942610f2bb871d","Annual","","2026-04-01","June","","69d437ed6f7ca86e7df05ddb","[]","30","2025","Not Started","mazaman@go-get.ca","69d6eaa480190e47db1a7e22","2026-04-08T23:54:12.184000","2026-04-08T23:54:12.184000","69d52f3fae25f4c1cf1921b8","cem@go-get.ca","false"
"","T2 Corporate Tax Return â Basic","1850","2026-05-31","69d42547a8942610f2bb871d","Annual","","2026-04-01","June","","69d437ed6f7ca86e7df05ddb","[]","30","2024","In Progress","mazaman@go-get.ca","69d6ea7516a41d9121569d7b","2026-04-08T23:53:25.061000","2026-04-08T23:53:25.061000","69d52f3fae25f4c1cf1921b8","cem@go-get.ca","false"
"","T2 Corporate Tax Return â Basic","1850","","69d42547a8942610f2bb871d","Annual","","","","","69d437ed6f7ca86e7df05ddb","[]","","2023","Completed","mazaman@go-get.ca","69d6ea42089250e2b8931f17","2026-04-08T23:52:34.782000","2026-04-08T23:52:34.782000","69d52f3fae25f4c1cf1921b8","cem@go-get.ca","false"
"","T2 Corporate Tax Return â Basic","1850","","69d42547a8942610f2bb871d","Annual","","","","","69d437ed6f7ca86e7df05ddb","[]","","2022","Completed","mazaman@go-get.ca","69d6ea2b0d025a42294ee7ba","2026-04-08T23:52:11.290000","2026-04-15T18:13:05.289000","69d52f3fae25f4c1cf1921b8","cem@go-get.ca","false"
"","T4 & T4 Summary Preparation & E-Filing","","2027-02-28","69d42547a8942610f2bb871c","Annual","","2027-01-01","February","","69d437ed6f7ca86e7df05dd3","[]","28","2026","Not Started","cem@go-get.ca","69d6e699f6b00fbb7b73942e","2026-04-08T23:36:57.386000","2026-04-08T23:36:57.386000","69d52f3fae25f4c1cf1921b8","cem@go-get.ca","false"
"","T2 Corporate Tax Return â Basic","1000","2026-07-31","69d42547a8942610f2bb871c","Annual","","2026-07-01","December","","69d437ed6f7ca86e7df05ddb","[]","31","2026","Not Started","mazaman@go-get.ca","69d6e6693aaeeba974c17c59","2026-04-08T23:36:09.751000","2026-04-08T23:36:09.751000","69d52f3fae25f4c1cf1921b8","cem@go-get.ca","false"
"","Payroll Administration","","","69d42547a8942610f2bb871c","Semi-Monthly","","","","","69d437ed6f7ca86e7df05dd6","[]","15","2026","Not Started","bookkeeping@go-get.ca","69d6e6020647eca96ea0fae5","2026-04-08T23:34:26.442000","2026-04-14T23:02:10.926000","69d52f3fae25f4c1cf1921b8","cem@go-get.ca","false"
"","Bookkeeping & Account Reconciliation â Standard","","2026-04-30","69d42547a8942610f2bb871c","Annual","","2026-04-01","December","","69d437ed6f7ca86e7df05dd0","[]","31","2026","In Progress","accountant@go-get.ca","69d6e5f11a4362e490dce3f8","2026-04-08T23:34:09.977000","2026-04-08T23:34:09.977000","69d52f3fae25f4c1cf1921b8","cem@go-get.ca","false"
"","Payroll Administration","","2026-04-15","69d42547a8942610f2bb871b","Semi-Monthly","","2026-04-01","","","69d437ed6f7ca86e7df05dd6","[]","15","2026","In Progress","bookkeeping@go-get.ca","69d6dfbe53c7cc44a6e1ce6c","2026-04-08T23:07:42.310000","2026-04-14T23:02:10.926000","69d52f3fae25f4c1cf1921b8","cem@go-get.ca","false"
"","T2 Corporate Tax Return â Basic","","2027-06-30","69d42547a8942610f2bb871a","Annual","","2027-01-01","January","","69d437ed6f7ca86e7df05ddb","[]","15","2026","Not Started","mazaman@go-get.ca","69d6ddbd892332bd37287fad","2026-04-08T22:59:09.317000","2026-04-14T23:03:55.898000","69d52f3fae25f4c1cf1921b8","cem@go-get.ca","false"
"","T2 Corporate Tax Return â Basic","600","","69d42547a8942610f2bb871a","Annual","","","","","69d437ed6f7ca86e7df05ddb","[]","","2025","Completed","mazaman@go-get.ca","69d6dd7ccfc65bfba176d162","2026-04-08T22:58:04.392000","2026-04-15T19:33:38.956000","69d52f3fae25f4c1cf1921b8","cem@go-get.ca","false"
"","T2 Corporate Tax Return â Basic","600","","69d42547a8942610f2bb871a","Annual","","","","","69d437ed6f7ca86e7df05ddb","[]","","2024","Completed","mazaman@go-get.ca","69d6dd6cd7b1c840e57e34e4","2026-04-08T22:57:48.003000","2026-04-15T19:34:01.039000","69d52f3fae25f4c1cf1921b8","cem@go-get.ca","false"
"","T2 Corporate Tax Return â Basic","","2026-06-30","69d42547a8942610f2bb8718","Annual","","2026-01-01","April","","69d437ed6f7ca86e7df05ddb","[]","30","2026","Not Started","mazaman@go-get.ca","69d6db6ea6e9a0dc69ac0253","2026-04-08T22:49:18.626000","2026-04-14T23:03:48.532000","69d52f3fae25f4c1cf1921b8","cem@go-get.ca","false"
"","WCB Annual Return & Compliance","","2027-02-28","69d42547a8942610f2bb8716","Annual","","2027-01-01","January","","69d437ed6f7ca86e7df05dd7","[]","15","2026","Not Started","admin@gogetinc.ca","69d6da7627de468730d83b4f","2026-04-08T22:45:10.952000","2026-04-08T22:45:10.952000","69d52f3fae25f4c1cf1921b8","cem@go-get.ca","false"
"","T2 Corporate Tax Return â Basic","","2026-10-31","69d42547a8942610f2bb8716","Annual","","2026-06-01","June","","69d437ed6f7ca86e7df05ddb","[]","15","2026","Not Started","mazaman@go-get.ca","69d6da55538c05bc23808cb0","2026-04-08T22:44:37.565000","2026-04-14T23:03:48.532000","69d52f3fae25f4c1cf1921b8","cem@go-get.ca","false"
"","GST Filing â Annually","","2026-08-31","69d42547a8942610f2bb8716","Quarterly","","2026-05-01","","","69d437ed6f7ca86e7df05dd8","[]","15","2026","Not Started","","69d6da0da4aad93ab9a6f1f3","2026-04-08T22:43:25.287000","2026-04-08T22:43:25.287000","69d52f3fae25f4c1cf1921b8","cem@go-get.ca","false"
"","T4 & T4 Summary Preparation & E-Filing","","2027-02-28","69d42547a8942610f2bb8716","Annual","","2027-01-01","January","","69d437ed6f7ca86e7df05dd3","[]","1","2026","Not Started","gogetinc.ca","69d6d8a042c07b09b335699e","2026-04-08T22:37:20.149000","2026-04-08T22:37:20.149000","69d52f3fae25f4c1cf1921b8","cem@go-get.ca","false"
"","Bookkeeping & Account Reconciliation â Standard","225","2026-04-30","69d42547a8942610f2bb8716","Quarterly","","2026-04-01","","","69d437ed6f7ca86e7df05dd0","[]","","2026","In Progress","admin@gogetinc.ca","69d6d877a52d94205f26b557","2026-04-08T22:36:39.563000","2026-04-08T22:36:39.563000","69d52f3fae25f4c1cf1921b8","cem@go-get.ca","false"
"","T2 Corporate Tax Return â Basic","","2027-03-31","69d42547a8942610f2bb8715","Annual","","2026-10-01","October","","69d437ed6f7ca86e7df05ddb","[]","15","2026","Not Started","mazaman@go-get.ca","69d6d6d9ca3e4137adcf72f3","2026-04-08T22:29:45.746000","2026-04-14T23:03:48.532000","69d52f3fae25f4c1cf1921b8","cem@go-get.ca","false"
"","PST Filing â Monthly","","2026-04-30","69d42547a8942610f2bb8715","Monthly","","2026-04-01","","","69d437ed6f7ca86e7df05dd9","[]","20","2026","In Progress","gogetinc.ca","69d6d6a78f8a1fec2d8e52e1","2026-04-08T22:28:55.679000","2026-04-08T22:28:55.679000","69d52f3fae25f4c1cf1921b8","cem@go-get.ca","false"
"","GST Filing â Quarterly","","2026-04-30","69d42547a8942610f2bb8715","Quarterly","","2026-04-01","","","69d437ed6f7ca86e7df05dd8","[]","15","2026","In Progress","gogetinc.ca","69d6d68232fb9bc85cf8356a","2026-04-08T22:28:18.491000","2026-04-08T22:29:03.698000","69d52f3fae25f4c1cf1921b8","cem@go-get.ca","false"
"","T4 & T4 Summary Preparation & E-Filing","","2026-04-15","69d42547a8942610f2bb8715","Semi-Monthly","","","","","69d437ed6f7ca86e7df05dd3","[]","","2026","In Progress","gogetinc.ca","69d6d628de4d6d35bdaa0d87","2026-04-08T22:26:48.158000","2026-04-08T22:26:48.158000","69d52f3fae25f4c1cf1921b8","cem@go-get.ca","false"
"","Bookkeeping & Account Reconciliation â Standard","","2026-04-30","69d42547a8942610f2bb8715","Quarterly","","2026-04-01","","","69d426c51a9292986e827787","[]","","2026","In Progress","gogetinc.ca","69d6d60968f2a6519933f758","2026-04-08T22:26:17.052000","2026-04-08T22:26:17.052000","69d52f3fae25f4c1cf1921b8","cem@go-get.ca","false"
"","T2 Corporate Tax Return â Basic","1200","2026-06-30","69d42547a8942610f2bb8714","Annual","","2026-04-01","April","","69d437ed6f7ca86e7df05ddb","[]","30","2025","Review","mazaman@go-get.ca","69d6d4e3f942c61584045a3a","2026-04-08T22:21:23.063000","2026-04-24T21:25:26.050000","69d52f3fae25f4c1cf1921b8","cem@go-get.ca","false"
"","Bookkeeping & Account Reconciliation â Standard","","2027-06-30","69d42547a8942610f2bb8714","Annual","","2027-01-01","","","69d437ed6f7ca86e7df05dd0","[]","","2026","Not Started","","69d6d4bb07a202e0296d9e8d","2026-04-08T22:20:43.951000","2026-04-08T22:20:43.951000","69d52f3fae25f4c1cf1921b8","cem@go-get.ca","false"
"","T4 & T4 Summary Preparation & E-Filing","","2027-02-28","69d42547a8942610f2bb8713","Annual","","2027-01-01","January","","69d437ed6f7ca86e7df05dd3","[]","15","2026","Not Started","","69d69226a0bc3fb626e252b1","2026-04-08T17:36:38.151000","2026-04-08T17:36:38.151000","69d52f3fae25f4c1cf1921b8","cem@go-get.ca","false"
"","GST Filing â Annually","","2027-03-31","69d42547a8942610f2bb8713","Annual","","2027-01-01","January","","69d437ed6f7ca86e7df05dd8","[]","1","2026","Not Started","gogetinc.ca","69d691f7d67ef5a46fbf4664","2026-04-08T17:35:51.136000","2026-04-08T17:35:51.136000","69d52f3fae25f4c1cf1921b8","cem@go-get.ca","false"
"","T2 Corporate Tax Return â Complex","","2026-06-30","69d42547a8942610f2bb8713","Annual","","2026-03-01","June","","69d437ed6f7ca86e7df05ddc","[]","15","2025","Completed","mazaman@go-get.ca","69d691793583b4bed76bf83f","2026-04-08T17:33:45.122000","2026-04-30T22:44:32.616000","69d52f3fae25f4c1cf1921b8","cem@go-get.ca","false"
"","Essential Plan â $299/mo","299","","69d42547a8942610f2bb8713","Monthly","","","","","69d426c51a9292986e8277ab","[]","","2026","Not Started","","69d691479db65709b0770248","2026-04-08T17:32:55.887000","2026-04-08T17:32:55.887000","69d52f3fae25f4c1cf1921b8","cem@go-get.ca","false"
"","T2 Corporate Tax Return â Basic","","2026-11-30","69d42547a8942610f2bb8712","Annual","","2026-06-09","June","","69d437ed6f7ca86e7df05ddb","[]","15","2026","Not Started","mazaman@go-get.ca","69d68f1f755fa565ab7e29c7","2026-04-08T17:23:43.192000","2026-04-14T23:03:48.532000","69d52f3fae25f4c1cf1921b8","cem@go-get.ca","false"
"","Payroll Administration","","2026-04-15","69d42547a8942610f2bb8712","Semi-Annual","","2026-04-15","","","69d437ed6f7ca86e7df05dd6","[]","15","2026","Not Started","bookkeeping@go-get.ca","69d68ed3f2c14ad73e1f3b11","2026-04-08T17:22:27.040000","2026-04-14T23:02:10.926000","69d52f3fae25f4c1cf1921b8","cem@go-get.ca","false"
"","T4 & T4 Summary Preparation & E-Filing","","2027-02-28","69d42547a8942610f2bb8712","Annual","","2027-01-01","January","","69d437ed6f7ca86e7df05dd3","[]","1","2026","Not Started","","69d68ebdd3e44b42b5896543","2026-04-08T17:22:05.807000","2026-04-08T17:22:05.807000","69d52f3fae25f4c1cf1921b8","cem@go-get.ca","false"
"","GST/PST Filing â Quarterly","","2026-05-31","69d42547a8942610f2bb8712","Monthly","","2026-05-01","","","69d437ed6f7ca86e7df05dd8","[]","10","2026","Not Started","","69d68e732d5f3a76a841e975","2026-04-08T17:20:51.142000","2026-04-08T17:20:51.142000","69d52f3fae25f4c1cf1921b8","cem@go-get.ca","false"
"","GST/PST Filing â Quarterly","","2026-09-30","69d42547a8942610f2bb8712","Annual","","2026-07-01","July","","69d437ed6f7ca86e7df05dd8","[]","1","2026","Not Started","","69d68e5cf751906631cc525f","2026-04-08T17:20:28.312000","2026-04-08T17:20:28.312000","69d52f3fae25f4c1cf1921b8","cem@go-get.ca","false"
"","Bookkeeping & Account Reconciliation â Standard","","2026-04-30","69d42547a8942610f2bb8712","Quarterly","","2026-04-01","","","69d437ed6f7ca86e7df05dd0","[]","30","2026","In Progress","","69d68e1f680a1d01d694ccc8","2026-04-08T17:19:27.405000","2026-04-08T17:19:27.405000","69d52f3fae25f4c1cf1921b8","cem@go-get.ca","false"
"","$149/Month Promo Bundle (LIMITED)","149","","69d42547a8942610f2bb8712","Monthly","","","","","69d426c51a9292986e8277aa","[]","","2026","Not Started","","69d68803b36093e7cbcfadf9","2026-04-08T16:53:23.695000","2026-04-08T16:53:23.695000","69d52f3fae25f4c1cf1921b8","cem@go-get.ca","false"
"","Personal T1 Tax Return â Single","350","2026-04-30","69d42547a8942610f2bb8711","Annual","","2026-04-01","April","","69d437ed6f7ca86e7df05dde","[]","15","2025","Not Started","","69d681af11497629799f4987","2026-04-08T16:26:23.095000","2026-04-08T16:26:23.095000","69d52f3fae25f4c1cf1921b8","cem@go-get.ca","false"
"","T2 Corporate Tax Return â Basic","","2027-04-30","69d42547a8942610f2bb8711","Annual","","2026-11-01","November","","69d437ed6f7ca86e7df05ddb","[]","1","2026","Not Started","mazaman@go-get.ca","69d6818a0343b10078a5a603","2026-04-08T16:25:46.231000","2026-04-14T23:03:48.532000","69d52f3fae25f4c1cf1921b8","cem@go-get.ca","false"
"","GST/PST Filing â Quarterly","","2027-04-01","69d42547a8942610f2bb8711","Annual","","2027-01-01","January","","69d437ed6f7ca86e7df05dd8","[]","1","2026","Not Started","","69d681480d610effa5b6a891","2026-04-08T16:24:40.389000","2026-04-08T16:24:40.389000","69d52f3fae25f4c1cf1921b8","cem@go-get.ca","false"
"","Bookkeeping & Account Reconciliation â Standard","","2026-04-30","69d42547a8942610f2bb8711","Quarterly","","2026-04-01","","","69d437ed6f7ca86e7df05dd0","[]","","2026","In Progress","gogetinc.ca","69d6805917723ec5d4257efe","2026-04-08T16:20:41.435000","2026-04-08T16:20:41.435000","69d52f3fae25f4c1cf1921b8","cem@go-get.ca","false"
"","$149/Month Promo Bundle (LIMITED)","149","","69d42547a8942610f2bb8711","Monthly","","","","","69d426c51a9292986e8277aa","[]","","2026","Not Started","","69d68045377c2e135cd785de","2026-04-08T16:20:21.218000","2026-04-08T16:20:21.218000","69d52f3fae25f4c1cf1921b8","cem@go-get.ca","false"
"","GST/PST Filing â Quarterly","","2027-01-31","69d677dc7fec0b2fa1bb43df","Annual","","2027-01-01","January","","69d426c51a9292986e82778f","[]","1","2026","Not Started","admin@gogetinc.ca","69d67df23eac168e044bafde","2026-04-08T16:10:26.235000","2026-04-08T16:10:26.235000","69d52f3fae25f4c1cf1921b8","cem@go-get.ca","false"
"","GST/PST Filing â Quarterly","","2027-03-31","69d677dc7fec0b2fa1bb43df","Annual","","2027-01-01","January","","69d437ed6f7ca86e7df05dd8","[]","1","2026","Not Started","","69d67dc44bb1d67fc0c313ea","2026-04-08T16:09:40.432000","2026-04-08T16:09:40.432000","69d52f3fae25f4c1cf1921b8","cem@go-get.ca","false"
"","T2 Corporate Tax Filing","","2026-12-31","69d677dc7fec0b2fa1bb43df","Annual","","2026-07-01","July","","","[]","1","2026","Not Started","mazaman@go-get.ca","69d677dd634f1644d85d92b1","2026-04-08T15:44:29.243000","2026-04-14T23:03:55.898000","69d52f3fae25f4c1cf1921b8","cem@go-get.ca","false"
"","T4 Preparation & Filing","","2027-02-28","69d677dc7fec0b2fa1bb43df","","","","","","","[]","","2026","Not Started","","69d677ddd9d29a2635545488","2026-04-08T15:44:29.195000","2026-04-08T15:44:29.195000","69d52f3fae25f4c1cf1921b8","cem@go-get.ca","false"
"","T2 Corporate Tax Return â Complex","","2026-12-31","69d42547a8942610f2bb870f","Annual","","2026-07-01","July","","69d437ed6f7ca86e7df05ddc","[]","1","2026","Not Started","gogetinc.ca","69d675850d9522d6b2f00649","2026-04-08T15:34:29.342000","2026-04-08T15:34:29.342000","69d52f3fae25f4c1cf1921b8","cem@go-get.ca","false"
"","GST/PST Filing â Quarterly","","2027-01-31","69d42547a8942610f2bb870f","Annual","","2027-01-01","January","","69d426c51a9292986e82778f","[]","1","2026","Not Started","admin@gogetinc.ca","69d67548dcb9822572040fd5","2026-04-08T15:33:28.763000","2026-04-08T15:33:28.763000","69d52f3fae25f4c1cf1921b8","cem@go-get.ca","false"
"","GST/PST Filing â Quarterly","","2027-03-31","69d42547a8942610f2bb870f","Annual","","2027-01-01","January","","69d437ed6f7ca86e7df05dd8","[]","1","2026","Not Started","admin@gogetinc.ca","69d6750e1a93269e6b01b113","2026-04-08T15:32:30.062000","2026-04-08T15:32:30.062000","69d52f3fae25f4c1cf1921b8","cem@go-get.ca","false"
"","Payroll Administration","","2026-04-30","69d42547a8942610f2bb870f","Monthly","","2026-04-01","","","69d437ed6f7ca86e7df05dd6","[]","30","2026","In Progress","bookkeeping@go-get.ca","69d674985920313f31fc56b3","2026-04-08T15:30:32.325000","2026-04-14T23:02:10.926000","69d52f3fae25f4c1cf1921b8","cem@go-get.ca","false"
"","Bookkeeping & Account Reconciliation â Standard","","2026-04-30","69d42547a8942610f2bb870f","Quarterly","","2026-04-01","","","69d437ed6f7ca86e7df05dd0","[]","30","2026","In Progress","admin@gogetinc.ca","69d6742a16a4301fce59367d","2026-04-08T15:28:42.258000","2026-04-08T15:28:42.258000","69d52f3fae25f4c1cf1921b8","cem@go-get.ca","false"
"","Essential Plan â $299/mo","299","","69d42547a8942610f2bb870f","Monthly","","","","","69d426c51a9292986e8277ab","[]","","2026","Not Started","","69d6741043939d7b70bcb2c7","2026-04-08T15:28:16.721000","2026-04-08T15:28:16.721000","69d52f3fae25f4c1cf1921b8","cem@go-get.ca","false"
"","T2 Corporate Tax Return â Complex","","2027-01-31","69d42547a8942610f2bb8705","Annual","","2026-08-01","August","","69d437ed6f7ca86e7df05ddc","[]","1","2025","Completed","mazaman@go-get.ca","69d670e3d3c86217a7daf339","2026-04-08T15:14:43.861000","2026-04-15T19:39:36.187000","69d52f3fae25f4c1cf1921b8","cem@go-get.ca","false"
"","WCB Annual Return & Compliance","","2027-02-28","69d42547a8942610f2bb8705","Annual","","2027-01-01","January","","69d437ed6f7ca86e7df05dd7","[]","1","2026","Not Started","admin@gogetinc.ca","69d67095426f2c231d6d1b4d","2026-04-08T15:13:25.287000","2026-04-08T15:13:25.287000","69d52f3fae25f4c1cf1921b8","cem@go-get.ca","false"
"","T4 & T4 Summary Preparation & E-Filing","","2027-02-28","69d42547a8942610f2bb8705","Annual","","2027-01-01","January","","69d437ed6f7ca86e7df05dd3","[]","1","2026","Not Started","","69d67059131951ac777f1ea5","2026-04-08T15:12:25.089000","2026-04-08T15:12:25.089000","69d52f3fae25f4c1cf1921b8","cem@go-get.ca","false"
"","Payroll Administration","","2026-04-15","69d42547a8942610f2bb8705","Semi-Monthly","","","","","69d437ed6f7ca86e7df05dd6","[]","","2026","In Progress","bookkeeping@go-get.ca","69d67038adb0e82b099405fb","2026-04-08T15:11:52.914000","2026-04-14T23:02:10.926000","69d52f3fae25f4c1cf1921b8","cem@go-get.ca","false"
"","Personal T1 Tax Return â Single","","2026-04-30","69d42547a8942610f2bb870e","Annual","","2026-04-01","April","","69d437ed6f7ca86e7df05dde","[]","30","2025","In Progress","admin@gogetinc.ca","69d66e8c97550ae2baba06e5","2026-04-08T15:04:44.419000","2026-04-08T15:04:44.419000","69d52f3fae25f4c1cf1921b8","cem@go-get.ca","false"
"","WCB Annual Return & Compliance","","2027-02-28","69d42547a8942610f2bb870e","Annual","","2027-01-01","January","","69d437ed6f7ca86e7df05dd7","[]","1","2026","Not Started","admin@gogetinc.ca","69d66e3750789734c37d8741","2026-04-08T15:03:19.283000","2026-04-08T15:03:19.283000","69d52f3fae25f4c1cf1921b8","cem@go-get.ca","false"
"","WCB Annual Return & Compliance","","","69d42547a8942610f2bb870e","Annual","","","","","69d437ed6f7ca86e7df05dd7","[]","","2025","Completed","","69d66e1b5c9fcf4764e508d8","2026-04-08T15:02:51.087000","2026-04-08T15:02:51.087000","69d52f3fae25f4c1cf1921b8","cem@go-get.ca","false"
"","T4 & T4 Summary Preparation & E-Filing","","2027-02-28","69d42547a8942610f2bb870e","Annual","","2027-01-01","January","","69d437ed6f7ca86e7df05dd3","[]","1","2026","Not Started","admin@gogetinc.ca","69d66e0f151ec1834ec67aa1","2026-04-08T15:02:39.377000","2026-04-08T15:02:39.377000","69d52f3fae25f4c1cf1921b8","cem@go-get.ca","false"
"","T4 & T4 Summary Preparation & E-Filing","","2027-02-28","69d42547a8942610f2bb870e","Annual","","2027-01-01","February","","69d437ed6f7ca86e7df05dd3","[]","10","2025","Completed","bookkeeping@go-get.ca","69d66dd547250a5bbea02346","2026-04-08T15:01:41.918000","2026-04-23T21:46:45.025000","69d52f3fae25f4c1cf1921b8","cem@go-get.ca","false"
"","Bookkeeping & Account Reconciliation â Standard","299","2026-03-31","69d42547a8942610f2bb870e","Monthly","","2026-03-01","","","69d437ed6f7ca86e7df05dd0","[]","15","2026","Completed","accountant@go-get.ca","69d66dc4b9af3062866df1fe","2026-04-08T15:01:24.758000","2026-04-23T21:50:05.142000","69d52f3fae25f4c1cf1921b8","cem@go-get.ca","false"
"","T4 & T4 Summary Preparation & E-Filing","","2027-02-28","69d42547a8942610f2bb870d","Annual","","2027-01-01","February","","69d437ed6f7ca86e7df05dd3","[]","28","2026","Not Started","admin@gogetinc.ca","69d66b7bcb1f12c57b29cad0","2026-04-08T14:51:39.358000","2026-04-08T14:51:39.358000","69d52f3fae25f4c1cf1921b8","cem@go-get.ca","false"
"","Personal T1 Tax Return â Single","","2027-04-30","69d42547a8942610f2bb870d","Annual","","2027-03-01","March","","69d437ed6f7ca86e7df05dde","[]","31","2026","Not Started","gogetinc.ca","69d66b3d9ead9e165df944f1","2026-04-08T14:50:37.288000","2026-04-08T14:50:37.288000","69d52f3fae25f4c1cf1921b8","cem@go-get.ca","false"
"","T2 Corporate Tax Return â Basic","","2026-11-30","69d42547a8942610f2bb870d","Annual","","2026-06-01","June","","69d437ed6f7ca86e7df05ddb","[]","30","2026","Not Started","mazaman@go-get.ca","69d66b05e96262f00d9a6bd2","2026-04-08T14:49:41.034000","2026-04-14T23:03:55.898000","69d52f3fae25f4c1cf1921b8","cem@go-get.ca","false"
"","GST/PST Filing â Monthly","","2026-05-31","69d42547a8942610f2bb870d","Monthly","","2026-05-01","","","69d437ed6f7ca86e7df05dd9","[]","30","2026","Not Started","","69d66acd022dbeb0c9200507","2026-04-08T14:48:45.753000","2026-04-08T14:48:45.753000","69d52f3fae25f4c1cf1921b8","cem@go-get.ca","false"
"","GST/PST Filing â Quarterly","","2026-04-30","69d42547a8942610f2bb870d","Quarterly","","2026-04-01","","","69d437ed6f7ca86e7df05dd8","[]","30","2026","In Progress","gogetinc.ca","69d66aa36d0e99cbc4d6618c","2026-04-08T14:48:03.776000","2026-04-08T14:48:03.776000","69d52f3fae25f4c1cf1921b8","cem@go-get.ca","false"
"","Bookkeeping & Account Reconciliation â Standard","","2026-04-30","69d42547a8942610f2bb870d","Quarterly","","2026-04-01","","","69d437ed6f7ca86e7df05dd0","[]","","2026","In Progress","gogetinc.ca","69d668befed56014e1f59202","2026-04-08T14:39:58.214000","2026-04-08T14:39:58.214000","69d52f3fae25f4c1cf1921b8","cem@go-get.ca","false"
"","$149/Month Promo Bundle (LIMITED)","149","","69d42547a8942610f2bb870d","Monthly","","","","","69d426c51a9292986e8277aa","[]","","2026","Not Started","","69d668a8b0abd747a9cb96fd","2026-04-08T14:39:36.532000","2026-04-08T14:39:36.532000","69d52f3fae25f4c1cf1921b8","cem@go-get.ca","false"
"","T2 Corporate Tax Return â Basic","","2027-08-31","69d42547a8942610f2bb870c","Annual","","2027-03-01","March","","69d437ed6f7ca86e7df05ddb","[]","31","2026","Not Started","mazaman@go-get.ca","69d667bf022dbeb0c92002dd","2026-04-08T14:35:43.490000","2026-04-14T23:03:55.898000","69d52f3fae25f4c1cf1921b8","cem@go-get.ca","false"
"","Bookkeeping & Account Reconciliation â Standard","","2026-07-31","69d42547a8942610f2bb870c","Quarterly","","2026-07-01","","","69d437ed6f7ca86e7df05dd0","[]","","2026","In Progress","","69d6677d29d96ff40d68afb6","2026-04-08T14:34:37.164000","2026-04-08T14:34:37.164000","69d52f3fae25f4c1cf1921b8","cem@go-get.ca","false"
"","$149/Month Promo Bundle (LIMITED)","149","","69d42547a8942610f2bb870c","Monthly","","","","","69d426c51a9292986e8277aa","[]","","2026","Not Started","","69d6675d13ba94141a6e42bc","2026-04-08T14:34:05.452000","2026-04-08T14:34:05.452000","69d52f3fae25f4c1cf1921b8","cem@go-get.ca","false"
"","Bookkeeping & Account Reconciliation â Standard","","2026-04-30","69d42547a8942610f2bb870b","Quarterly","","2026-04-01","","","69d437ed6f7ca86e7df05dd0","[]","","2026","Not Started","gogetinc.ca","69d6655cf8d2bb15753d6dcb","2026-04-08T14:25:32.787000","2026-04-08T14:25:32.787000","69d52f3fae25f4c1cf1921b8","cem@go-get.ca","false"
"","$149/Month Promo Bundle (LIMITED)","149","","69d42547a8942610f2bb870b","Quarterly","","","","","69d426c51a9292986e8277aa","[]","30","2026","In Progress","admin@gogetinc.ca","69d6654a4dfc04a86439db0f","2026-04-08T14:25:14.486000","2026-04-08T14:25:14.486000","69d52f3fae25f4c1cf1921b8","cem@go-get.ca","false"
"","WCB Annual Return & Compliance","","2027-02-28","69d42547a8942610f2bb870a","Annual","","2027-01-01","","","69d437ed6f7ca86e7df05dd7","[]","","2026","Not Started","","69d6642667684a7d13163d3f","2026-04-08T14:20:22.401000","2026-04-08T14:20:22.401000","69d52f3fae25f4c1cf1921b8","cem@go-get.ca","false"
"","T4 & T4 Summary Preparation & E-Filing","","2027-02-28","69d42547a8942610f2bb870a","Annual","","2027-01-01","February","","69d437ed6f7ca86e7df05dd3","[]","28","2026","Not Started","admin@gogetinc.ca","69d6640e645ee8efa35f35c7","2026-04-08T14:19:58.296000","2026-04-08T14:19:58.296000","69d52f3fae25f4c1cf1921b8","cem@go-get.ca","false"
"","Payroll Administration","","2026-04-15","69d42547a8942610f2bb870a","Semi-Monthly","","2026-04-01","","","69d437ed6f7ca86e7df05dd6","[]","","2026","In Progress","bookkeeping@go-get.ca","69d663e42d5f3a76a841c370","2026-04-08T14:19:16.536000","2026-04-14T23:02:10.926000","69d52f3fae25f4c1cf1921b8","cem@go-get.ca","false"
"","T2 Corporate Tax Return â Basic","","2026-02-28","69d42547a8942610f2bb870a","Annual","","2025-09-01","September","","69d437ed6f7ca86e7df05ddb","[]","30","2025","Completed","mazaman@go-get.ca","69d663a41f410c036de8dd46","2026-04-08T14:18:12.208000","2026-04-15T19:42:57.029000","69d52f3fae25f4c1cf1921b8","cem@go-get.ca","false"
"","GST/PST Filing â Quarterly","","2026-04-30","69d42547a8942610f2bb870a","Quarterly","","2026-04-01","","","69d437ed6f7ca86e7df05dd8","[]","","2026","Not Started","","69d6635e138ca5089eb63a94","2026-04-08T14:17:02.756000","2026-04-08T14:17:02.756000","69d52f3fae25f4c1cf1921b8","cem@go-get.ca","false"
"","Bookkeeping & Account Reconciliation â Standard","","2026-04-30","69d42547a8942610f2bb870a","Quarterly","","2026-04-01","","","69d437ed6f7ca86e7df05dd0","[]","","2026","In Progress","gogetinc.ca","69d66350b2e322f64044ed75","2026-04-08T14:16:48","2026-04-08T14:16:48","69d52f3fae25f4c1cf1921b8","cem@go-get.ca","false"
"","Payroll Administration","","2026-04-15","69d42547a8942610f2bb8709","Semi-Monthly","","2026-04-01","","","69d437ed6f7ca86e7df05dd6","[]","","2026","In Progress","bookkeeping@go-get.ca","69d65f7190e4e461e53142c1","2026-04-08T14:00:17.185000","2026-04-14T23:02:10.926000","69d52f3fae25f4c1cf1921b8","cem@go-get.ca","false"
"","T2 Corporate Tax Return â Basic","650","2027-06-30","69d42547a8942610f2bb8708","Annual","","2027-01-01","January","","69d437ed6f7ca86e7df05ddb","[]","31","2026","Not Started","mazaman@go-get.ca","69d65ed06fc391f5bedb2689","2026-04-08T13:57:36.992000","2026-04-14T23:03:55.898000","69d52f3fae25f4c1cf1921b8","cem@go-get.ca","false"
"","T2 Corporate Tax Return â Basic","500","2026-04-30","69d42547a8942610f2bb8708","Annual","","2026-04-01","April","","69d437ed6f7ca86e7df05ddb","[]","30","2025","Completed","mazaman@go-get.ca","69d65e9b7c2cd9c77918152a","2026-04-08T13:56:43.737000","2026-04-15T00:31:56.659000","69d52f3fae25f4c1cf1921b8","cem@go-get.ca","false"
"","T2 Corporate Tax Return â Basic","500","","69d42547a8942610f2bb8708","Annual","","","","","69d437ed6f7ca86e7df05ddb","[]","","2024","Completed","admin@gogetinc.ca","69d65e470d610effa5b687cc","2026-04-08T13:55:19.862000","2026-04-08T13:55:19.862000","69d52f3fae25f4c1cf1921b8","cem@go-get.ca","false"
"","GST/PST Filing â Monthly","","2026-05-31","69d42547a8942610f2bb8707","Monthly","","2026-05-01","","","69d426c51a9292986e827790","[]","30","2026","In Progress","admin@gogetinc.ca","69d65d17b9df966c33169581","2026-04-08T13:50:15.691000","2026-04-08T13:50:15.691000","69d52f3fae25f4c1cf1921b8","cem@go-get.ca","false"
"","GST/PST Filing â Quarterly","","2027-03-31","69d42547a8942610f2bb8707","Annual","","2027-01-01","December","","69d437ed6f7ca86e7df05dd8","[]","31","2026","Not Started","","69d65ce2134a4b2858a7f907","2026-04-08T13:49:22.270000","2026-04-08T13:49:22.270000","69d52f3fae25f4c1cf1921b8","cem@go-get.ca","false"
"","Payroll Administration","","2026-04-30","69d42547a8942610f2bb8707","Monthly","","","","","69d437ed6f7ca86e7df05dd6","[]","","2026","Not Started","bookkeeping@go-get.ca","69d65ca276ab339b0e79920c","2026-04-08T13:48:18.030000","2026-04-14T23:02:10.926000","69d52f3fae25f4c1cf1921b8","cem@go-get.ca","false"
"","T2 Corporate Tax Return â Basic","","2027-06-30","69d42547a8942610f2bb8707","Annual","","2027-01-01","December","","69d437ed6f7ca86e7df05ddb","[]","31","2026","Not Started","mazaman@go-get.ca","69d65c8094ecb40628c833f9","2026-04-08T13:47:44.335000","2026-04-14T23:03:55.898000","69d52f3fae25f4c1cf1921b8","cem@go-get.ca","false"
"","Bookkeeping & Account Reconciliation â Standard","130","2026-04-30","69d42547a8942610f2bb8707","Quarterly","","2026-04-01","","","69d437ed6f7ca86e7df05dd0","[]","","2026","In Progress","gogetinc.ca","69d65c46a6c4952f889c07db","2026-04-08T13:46:46.643000","2026-04-08T13:46:46.643000","69d52f3fae25f4c1cf1921b8","cem@go-get.ca","false"
"","T2 Corporate Tax Return â Basic","","2026-09-30","69d42547a8942610f2bb8701","Annual","","2026-04-01","September","","69d437ed6f7ca86e7df05ddb","[]","30","2026","Not Started","mazaman@go-get.ca","69d5a0fe004113afa503fba7","2026-04-08T00:27:42.375000","2026-04-14T23:03:48.532000","69d52f3fae25f4c1cf1921b8","cem@go-get.ca","false"
"","GST/PST Filing â Quarterly","","2026-04-30","69d42547a8942610f2bb8701","Quarterly","","2026-04-01","","","69d437ed6f7ca86e7df05dd8","[]","","2026","In Progress","admin@gogetinc.ca","69d5a0d570b580a0dd666d4e","2026-04-08T00:27:01.406000","2026-04-08T00:27:01.406000","69d52f3fae25f4c1cf1921b8","cem@go-get.ca","false"
"","Payroll Administration","","2026-04-30","69d42547a8942610f2bb8701","Monthly","","","","","69d437ed6f7ca86e7df05dd6","[]","30","2026","In Progress","bookkeeping@go-get.ca","69d5a090c0b87f9da1cc4159","2026-04-08T00:25:52.781000","2026-04-14T23:02:10.926000","69d52f3fae25f4c1cf1921b8","cem@go-get.ca","false"
"","Bookkeeping & Account Reconciliation â Standard","384","2026-04-15","69d42547a8942610f2bb8701","Quarterly","","2026-01-01","","","69d437ed6f7ca86e7df05dd0","[]","","2026","In Progress","gogetinc.ca","69d5a06ee9868024bd0648ff","2026-04-08T00:25:18.228000","2026-04-08T00:25:18.228000","69d52f3fae25f4c1cf1921b8","cem@go-get.ca","false"
"","Payroll Administration","","","69d42547a8942610f2bb86ff","Semi-Monthly","","2025-11-01","","","69d437ed6f7ca86e7df05dd6","[]","","2026","Not Started","bookkeeping@go-get.ca","69d54b737c1b6516fd05fa25","2026-04-07T18:22:43.726000","2026-04-14T23:02:10.926000","69d52f3fae25f4c1cf1921b8","cem@go-get.ca","false"
"","$149/Month Promo Bundle (LIMITED)","149","2026-12-31","69d42547a8942610f2bb86fe","Monthly","","2026-06-30","","","69d426c51a9292986e8277aa","[]","","2026","In Progress","gogetinc.ca","69d549fb05ac4e83270c27f9","2026-04-07T18:16:27.958000","2026-04-07T18:16:27.958000","69d52f3fae25f4c1cf1921b8","cem@go-get.ca","false"
"","T2 Corporate Tax Return â Basic","850","2026-12-31","69d42547a8942610f2bb86fd","Annual","","2026-07-01","","","69d437ed6f7ca86e7df05ddb","[]","","2026","Not Started","gogetinc.ca","69d54837a2db2b2e1f352cef","2026-04-07T18:08:55.039000","2026-04-07T18:08:55.039000","69d52f3fae25f4c1cf1921b8","cem@go-get.ca","false"
"Payroll Backup, as needed","Payroll Administration","720","","69d42547a8942610f2bb86fc","Annual","","","","","69d437ed6f7ca86e7df05dd6","[]","","2026","Completed","","69d5447e13cb03d373350a69","2026-04-07T17:53:02.848000","2026-04-07T17:53:20.142000","69d52f3fae25f4c1cf1921b8","cem@go-get.ca","false"
"","Bookkeeping & Account Reconciliation â Standard","","","69d42547a8942610f2bb86fb","Monthly","","","","","69d437ed6f7ca86e7df05dd0","[]","","2026","Not Started","gogetinc.ca","69d5436ccf27f90d2c748a91","2026-04-07T17:48:28.943000","2026-04-07T17:48:28.943000","69d52f3fae25f4c1cf1921b8","cem@go-get.ca","false"
"","$149/Month Promo Bundle (LIMITED)","149","","69d42547a8942610f2bb86fb","Monthly","","2026-01-01","","","69d426c51a9292986e8277aa","[]","","2026","In Progress","gogetinc.ca","69d54335c6bc00c24b6df66a","2026-04-07T17:47:33.343000","2026-04-07T17:48:46.939000","69d52f3fae25f4c1cf1921b8","cem@go-get.ca","false"
"","T2 Corporate Tax Return â Basic","721.5","2027-06-30","69d42547a8942610f2bb86fa","Annual","","2026-01-01","December","","69d437ed6f7ca86e7df05ddb","[]","15","2026","Not Started","gogetinc.ca","69d53ad3bcc092b33b95437a","2026-04-07T17:11:47.626000","2026-04-07T17:11:47.626000","69d52f3fae25f4c1cf1921b8","cem@go-get.ca","false"
"Need to call the Client for 2026 Filing","T2 Corporate Tax Return â Basic","721.5","","69d42547a8942610f2bb86fa","Annual","","","December","","69d437ed6f7ca86e7df05ddb","[]","15","2025","Completed","mazaman@go-get.ca","69d53a98838f8a15eb8f6caf","2026-04-07T17:10:48.839000","2026-04-15T19:41:27.829000","69d52f3fae25f4c1cf1921b8","cem@go-get.ca","false"
"","Bookkeeping & Account Reconciliation â Premium","300","","69d42547a8942610f2bb8705","Monthly","","2026-04-07","","","69d437ed6f7ca86e7df05dd1","[]","1","2026","In Progress","gogetinc.ca","69d47ba3f4df920dc3368511","2026-04-07T03:36:03.030000","2026-04-08T15:11:17.199000","69d47ac607ca1b6ff8d033ca","accountant@go-get.ca","false"
